"Region","Regional Contact","Regional Review","Regional Contact Comments","Project","Species","Caribou Ecotype","Caribou Population Unit","Management Area","WLH ID","Animal ID","Sex","Life Stage","Calf at Heel","Ear Tag Right","Ear Tag Left","Device ID","Radio Frequency","Re-capture","Trans-location","Collar Type","Collar Make","Collar Model","Satellite Network","Capture Date","Capture Date Year","Capture Date Month","Capture UTM Zone","Capture UTM Easting","Capture UTM Northing","Release Date","Animal Status","Collar Status","Collar Status Details","Deactivated?","Mortality Date","Malfunction Date","Retreival Date","Mortality UTM Zone","Mortality UTM Easting","Mortality UTM Northing","Max Transmission Date","2014/3","2014/4","2014/5","2014/6","2014/7","2014/8","2014/9","2014/10","2014/11","2014/12","2015/1","2015/2","2015/3","2015/4","2015/5","2015/6","2015/7","2015/8","2015/9","2015/10","2015/11","2015/12","2016/01","2016/02","2016/03","2016/04","2016/05","2016/06","2016/07","2016/08","2016/09","2016/10","2016/11","2016/12","2017/01","2017/02","2017/03","2017/04","2017/05","2017/06","2017/07","2017/08","2017/09","2017/10","2017/11","2017/12","2018/01","2018/02","2018/03","2018/04","2018/05","2018/06","2018/07","2018/08","2018/09","2018/10","2018/11","2018/12","2019/1","2019/2","2019/3","2019/4","2019/5","2019/6","2019/7","2019/8","2019/9","2019/10","2019/11","2019/12","2020/01","2020/02","Mortality Review","Comments","Database Notes","CID"
"Cariboo","Carolyn Shores","","","Itcha-Ilgachuz_Rainbow_CharlotteAlplands Telemetry 2018-2023","Caribou","Southern Mountain-north group","Itcha-Ilgachuz","","17-10793","7","F","","","","","101801.0","150.19","N","N","GPS","Lotek","Lifecycle Pro 360 with timed dropoff","","43171.0","2018.0","3.0","10.0","372188.0","5774520.0","","Alive","Deployed","Active","","","","","","","","43667.917094907","","","","","","","","","","","","","","","","","","","","","","","","","","","","","","","","","","","","","","","","","","","","","","","","","7.0","9.0","7.0","12.0","12.0","11.0","14.0","9.0","6.0","11.0","12.0","8.0","13.0","8.0","16.0","13.0","8.0","","","","","","","","",".  ","","35.0"
"Cariboo","Carolyn Shores","","","Itcha-Ilgachuz_Rainbow_CharlotteAlplands Telemetry 2018-2023","Caribou","Southern Mountain-north group","Itcha-Ilgachuz","","17-10785","8","F","","","","","101803.0","150.22","N","N","GPS","Lotek","Lifecycle Pro 360 with timed dropoff","","43172.0","2018.0","3.0","10.0","398601.0","5770273.0","","Unknown","Deployed","Malfunction","","","43282.0","","","","","43281.709155093","","","","","","","","","","","","","","","","","","","","","","","","","","","","","","","","","","","","","","","","","","","","","","","","","5.0","6.0","10.0","14.0","","","","","","","","","","","","","","","","","","","","","",".  *Moved to Rainbows in May 2018","Malfunction","44.0"
"Cariboo","Carolyn Shores","","","Itcha-Ilgachuz_Rainbow_CharlotteAlplands Telemetry 2018-2023","Caribou","Southern Mountain-north group","Itcha-Ilgachuz","","17-10788","24","F","","","","","101819.0","150.66","N","N","GPS","Lotek","Lifecycle Pro 330","Globalstar","43171.0","2018.0","3.0","10.0","402146.0","5774514.0","","Mortality","Retrieved","Mortality","","43647.0","","43648.0","","","","43640.292453704","","","","","","","","","","","","","","","","","","","","","","","","","","","","","","","","","","","","","","","","","","","","","","","","","4.0","6.0","4.0","5.0","8.0","5.0","7.0","8.0","4.0","5.0","6.0","6.0","9.0","3.0","4.0","2.0","","","","","","","","","Email alert Jul 1, mortality file Aug 1, 2019",".  ","","276.0"
"Cariboo","Carolyn Shores","","","Itcha-Ilgachuz_Rainbow_CharlotteAlplands Telemetry 2018-2023","Caribou","Southern Mountain-north group","Itcha-Ilgachuz","","17-10791","25","F","","","","","101820.0","150.67","N","N","GPS","Lotek","Lifecycle Pro 360 with timed dropoff","","43172.0","2018.0","3.0","10.0","407612.0","5774333.0","","Alive","Deployed","Active","","","","","","","","43872.667071759","","","","","","","","","","","","","","","","","","","","","","","","","","","","","","","","","","","","","","","","","","","","","","","","","3.0","10.0","11.0","18.0","13.0","7.0","10.0","9.0","8.0","10.0","8.0","6.0","7.0","7.0","8.0","12.0","11.0","8.0","12.0","11.0","8.0","12.0","5.0","3.0","",".  ","","280.0"
"Cariboo","Carolyn Shores","","","Itcha-Ilgachuz_Rainbow_CharlotteAlplands Telemetry 2018-2023","Caribou","Southern Mountain-north group","Itcha-Ilgachuz","","17-10770","29","F","","","","","101824.0","150.74","N","N","GPS","Lotek","Lifecycle Pro 360 with timed dropoff","","43167.0","2018.0","3.0","10.0","374843.0","5777591.0","","Unknown","Deployed","Malfunction","","","43366.0","","","","","43364.584155093","","","","","","","","","","","","","","","","","","","","","","","","","","","","","","","","","","","","","","","","","","","","","","","","","7.0","10.0","7.0","3.0","13.0","7.0","4.0","","","","","","","","","","","","","","","","","","",".  ","Malfunction","46.0"
"Cariboo","Carolyn Shores","","","Itcha-Ilgachuz_Rainbow_CharlotteAlplands Telemetry 2018-2023","Caribou","Southern Mountain-north group","Itcha-Ilgachuz","","17-10761","30","F","","","","","101825.0","150.76","N","N","GPS","Lotek","Lifecycle Pro 360 with timed dropoff","","43167.0","2018.0","3.0","10.0","374661.0","5774908.0","","Unknown","Deployed","Malfunction","","","43411.0","","","","","43399.250069444","","","","","","","","","","","","","","","","","","","","","","","","","","","","","","","","","","","","","","","","","","","","","","","","","2.0","7.0","2.0","8.0","1.0","5.0","3.0","7.0","","","","","","","","","","","","","","","","","",".  ","Malfunction","49.0"
"Cariboo","Carolyn Shores","","","Itcha-Ilgachuz_Rainbow_CharlotteAlplands Telemetry 2018-2023","Caribou","Southern Mountain-north group","Itcha-Ilgachuz","","17-10772","9","F","","","","","101804.0","150.25","N","N","GPS","Lotek","Lifecycle Pro 360 with timed dropoff","","43168.0","2018.0","3.0","10.0","416340.0","5776235.0","","Mortality","Retrieved","Mortality","","43308.0","","43309.0","10.0","406868.0","5837723.0","43304.459131944","","","","","","","","","","","","","","","","","","","","","","","","","","","","","","","","","","","","","","","","","","","","","","","","","11.0","10.0","16.0","22.0","5.0","","","","","","","","","","","","","","","","","","","","",".  Probable wolf Predation","","51.0"
"Cariboo","Carolyn Shores","","","Itcha-Ilgachuz_Rainbow_CharlotteAlplands Telemetry 2018-2023","Caribou","Southern Mountain-north group","Itcha-Ilgachuz","","17-10776","10","F","","","","","101805.0","150.28","N","N","GPS","Lotek","Lifecycle Pro 330","Globalstar","43170.0","2018.0","3.0","10.0","412753.0","5781047.0","","Unknown","Deployed","Malfunction","","","43424.0","","","","","43417.125393519","","","","","","","","","","","","","","","","","","","","","","","","","","","","","","","","","","","","","","","","","","","","","","","","","4.0","11.0","10.0","21.0","15.0","16.0","10.0","7.0","5.0","","","","","","","","","","","","","","","","",".  ","Malfunction","57.0"
"Cariboo","Carolyn Shores","","","Itcha-Ilgachuz_Rainbow_CharlotteAlplands Telemetry 2018-2023","Caribou","Southern Mountain-north group","Itcha-Ilgachuz","","17-10749","46","M","","","","","101884.0","151.34","N","N","GPS","Lotek","Lifecycle Pro 360 with timed dropoff","","43170.0","2018.0","3.0","10.0","400326.0","5774272.0","","Mortality","Retrieved","Mortality","","43181.0","","43186.0","10.0","404158.0","5770389.0","43175.000833333","","","","","","","","","","","","","","","","","","","","","","","","","","","","","","","","","","","","","","","","","","","","","","","","","4.0","","","","","","","","","","","","","","","","","","","","","","","","",".  Cougar Predation","","69.0"
"Cariboo","Carolyn Shores","","","Itcha-Ilgachuz_Rainbow_CharlotteAlplands Telemetry 2018-2023","Caribou","Southern Mountain-north group","Itcha-Ilgachuz","","17-10775","47","M","","","","","101885.0","151.35","N","N","GPS","Lotek","Lifecycle Pro 360 with timed dropoff","","43170.0","2018.0","3.0","10.0","404393.0","5776215.0","","Mortality","Retrieved","Mortality","","43329.0","","43332.0","","","","43328.83412037","","","","","","","","","","","","","","","","","","","","","","","","","","","","","","","","","","","","","","","","","","","","","","","","","5.0","5.0","7.0","12.0","7.0","2.0","","","","","","","","","","","","","","","","","","","Email alert Aug 17, 2018.",".  Probable bear predation ","","70.0"
"Cariboo","Carolyn Shores","","","Itcha-Ilgachuz_Rainbow_CharlotteAlplands Telemetry 2018-2023","Caribou","Southern Mountain-north group","Itcha-Ilgachuz","","17-10786","48","M","","","","","101886.0","151.38","N","N","GPS","Lotek","Lifecycle Pro 360 with timed dropoff","","43171.0","2018.0","3.0","10.0","412897.0","5777577.0","","Unknown","Deployed","Malfunction","","","43270.0","","","","","43269.7925","","","","","","","","","","","","","","","","","","","","","","","","","","","","","","","","","","","","","","","","","","","","","","","","","2.0","4.0","8.0","7.0","","","","","","","","","","","","","","","","","","","","","",".  ","Malfunction","72.0"
"Cariboo","Carolyn Shores","","","Itcha-Ilgachuz_Rainbow_CharlotteAlplands Telemetry 2018-2023","Caribou","Southern Mountain-north group","Itcha-Ilgachuz","","17-10748","6","F","","","","","101800.0","150.14","N","N","GPS","Lotek","Lifecycle Pro 360 with timed dropoff","","43169.0","2018.0","3.0","10.0","401428.0","5767390.0","","Alive","Deployed","Active","","","","","","","","43879.709155093","","","","","","","","","","","","","","","","","","","","","","","","","","","","","","","","","","","","","","","","","","","","","","","","","7.0","14.0","7.0","22.0","17.0","17.0","14.0","19.0","24.0","17.0","4.0","1.0","4.0","17.0","18.0","14.0","13.0","9.0","15.0","30.0","17.0","12.0","5.0","3.0","",".  *Moved to Rainbows in May 2018","","26.0"
"Cariboo","Carolyn Shores","","","Itcha-Ilgachuz_Rainbow_CharlotteAlplands Telemetry 2018-2023","Caribou","Southern Mountain-north group","Itcha-Ilgachuz","","17-10764","50","M","","","","","101888.0","151.78","N","N","GPS","Lotek","Lifecycle Pro 360 with timed dropoff","","43170.0","2018.0","3.0","10.0","412236.0","5781892.0","","Mortality","Retrieved","Mortality","","43338.0","","43339.0","10.0","425006.0","5837108.0","43335.875243056","","","","","","","","","","","","","","","","","","","","","","","","","","","","","","","","","","","","","","","","","","","","","","","","","2.0","11.0","5.0","18.0","7.0","8.0","","","","","","","","","","","","","","","","","","","Email alert Aug 26, 2018.",".  Health related - Compound fracture rear right leg; Mortality site 2.4km from mortality alert location","","85.0"
"Cariboo","Carolyn Shores","","","Itcha-Ilgachuz_Rainbow_CharlotteAlplands Telemetry 2018-2023","Caribou","Southern Mountain-north group","Itcha-Ilgachuz","","17-10753","26","F","","","","","101821.0","150.68","N","N","GPS","Lotek","Lifecycle Pro 360 with timed dropoff","","43169.0","2018.0","3.0","10.0","366933.0","5791599.0","","Unknown","Deployed","Malfunction","","","43488.0","","","","","43487.542048611","","","","","","","","","","","","","","","","","","","","","","","","","","","","","","","","","","","","","","","","","","","","","","","","","","2.0","9.0","14.0","9.0","10.0","5.0","10.0","5.0","6.0","3.0","","","","","","","","","","","","","","",".  ","Malfunction","98.0"
"Cariboo","Carolyn Shores","","","Itcha-Ilgachuz_Rainbow_CharlotteAlplands Telemetry 2018-2023","Caribou","Southern Mountain-north group","Itcha-Ilgachuz","","17-10751","27","F","","","","","101822.0","150.7","N","N","GPS","Lotek","Lifecycle Pro 330","Globalstar","43171.0","2018.0","3.0","10.0","402479.0","5774639.0","","Mortality","Retrieved","Mortality","","43192.0","","43194.0","10.0","406212.0","5765484.0","43190.167083333","","","","","","","","","","","","","","","","","","","","","","","","","","","","","","","","","","","","","","","","","","","","","","","","","4.0","","","","","","","","","","","","","","","","","","","","","","","","",".  Mortality most likely occurred on march 30th. Did not send mort signal until April 3rd.","","102.0"
"Cariboo","Carolyn Shores","","","Itcha-Ilgachuz_Rainbow_CharlotteAlplands Telemetry 2018-2023","Caribou","Southern Mountain-north group","Itcha-Ilgachuz","","17-10780","28","F","","","","","101823.0","150.72","N","N","GPS","Lotek","Lifecycle Pro 330","Globalstar","43172.0","2018.0","3.0","10.0","402835.0","5768828.0","","Alive","Deployed","Potential Mortality","","","","","","","","43829.333715278","","","","","","","","","","","","","","","","","","","","","","","","","","","","","","","","","","","","","","","","","","","","","","","","","","7.0","10.0","12.0","4.0","3.0","5.0","7.0","5.0","7.0","4.0","2.0","6.0","4.0","8.0","6.0","3.0","2.0","6.0","2.0","12.0","41.0","","","",".  ","","105.0"
"Cariboo","Carolyn Shores","","","Itcha-Ilgachuz_Rainbow_CharlotteAlplands Telemetry 2018-2023","Caribou","Southern Mountain-north group","Itcha-Ilgachuz","","17-10763","31","M","","","","","101869.0","150.78","N","N","GPS","Lotek","Lifecycle Pro 360 with timed dropoff","","43168.0","2018.0","3.0","10.0","417129.0","5776040.0","","Unknown","Deployed","Malfunction","","","43515.0","","","","","43511.3753125","","","","","","","","","","","","","","","","","","","","","","","","","","","","","","","","","","","","","","","","","","","","","","","","","4.0","8.0","10.0","8.0","6.0","1.0","2.0","7.0","6.0","7.0","11.0","7.0","","","","","","","","","","","","","",".  ","Malfunction","199.0"
"Cariboo","Carolyn Shores","","","Itcha-Ilgachuz_Rainbow_CharlotteAlplands Telemetry 2018-2023","Caribou","Southern Mountain-north group","Itcha-Ilgachuz","","17-10755","32","M","","","","","101870.0","150.82","N","N","GPS","Lotek","Lifecycle Pro 360 with timed dropoff","","43171.0","2018.0","3.0","10.0","380697.0","5780435.0","","Unknown","Deployed","Malfunction","","","43312.0","","","","","43310.959143519","","","","","","","","","","","","","","","","","","","","","","","","","","","","","","","","","","","","","","","","","","","","","","","","","3.0","15.0","8.0","12.0","8.0","","","","","","","","","","","","","","","","","","","","",".  ","Malfunction","205.0"
"Cariboo","Carolyn Shores","","","Itcha-Ilgachuz_Rainbow_CharlotteAlplands Telemetry 2018-2023","Caribou","Southern Mountain-north group","Itcha-Ilgachuz","","17-10781","12","F","","","","","101807.0","150.37","N","N","GPS","Lotek","Lifecycle Pro 330","Globalstar","43169.0","2018.0","3.0","10.0","393251.0","5774068.0","","Unknown","Deployed","Malfunction","","","43323.0","","","","","43310.416354167","","","","","","","","","","","","","","","","","","","","","","","","","","","","","","","","","","","","","","","","","","","","","","","","","","4.0","8.0","5.0","11.0","","","","","","","","","","","","","","","","","","","","",".  ","Malfunction","206.0"
"Cariboo","Carolyn Shores","","","Itcha-Ilgachuz_Rainbow_CharlotteAlplands Telemetry 2018-2023","Caribou","Southern Mountain-north group","Itcha-Ilgachuz","","17-10744","13","F","","","","","101808.0","150.4","N","N","GPS","Lotek","Lifecycle Pro 330","Globalstar","43169.0","2018.0","3.0","10.0","401400.0","5767391.0","","Alive","Deployed","Active","","","","","","","","43647.333541667","","","","","","","","","","","","","","","","","","","","","","","","","","","","","","","","","","","","","","","","","","","","","","","","","4.0","8.0","4.0","6.0","8.0","3.0","6.0","11.0","2.0","3.0","2.0","1.0","5.0","6.0","6.0","7.0","1.0","","","","","","","","",".  ","","214.0"
"Cariboo","Carolyn Shores","","","Itcha-Ilgachuz_Rainbow_CharlotteAlplands Telemetry 2018-2023","Caribou","Southern Mountain-north group","Itcha-Ilgachuz","","17-10792","14","F","","","","","101809.0","150.45","N","N","GPS","Lotek","Lifecycle Pro 330","Globalstar","43172.0","2018.0","3.0","10.0","388526.0","5790265.0","","Mortality","Retrieved","Mortality","","43549.0","","43551.0","","","","43548.750439815","","","","","","","","","","","","","","","","","","","","","","","","","","","","","","","","","","","","","","","","","","","","","","","","","7.0","18.0","13.0","22.0","9.0","16.0","8.0","10.0","6.0","1.0","3.0","11.0","10.0","","","","","","","","","","","","MORTALITY - spatial review, last data 26/03/2019. Email alert 25-Mar-19, and mortality file 23-Mar-19.",".  ","","227.0"
"Cariboo","Carolyn Shores","","","Itcha-Ilgachuz_Rainbow_CharlotteAlplands Telemetry 2018-2023","Caribou","Southern Mountain-north group","Itcha-Ilgachuz","","17-10746","15","F","","","","","101810.0","150.47","N","N","GPS","Lotek","Lifecycle Pro 330","Globalstar","43172.0","2018.0","3.0","10.0","387927.0","5789928.0","","Mortality","Retrieved","Mortality","","43332.0","","43332.0","10.0","364975.0","5836323.0","43323.417476852","","","","","","","","","","","","","","","","","","","","","","","","","","","","","","","","","","","","","","","","","","","","","","","","","2.0","7.0","6.0","7.0","8.0","3.0","","","","","","","","","","","","","","","","","","","Email alert 20-Aug-18",".  Probable wolf Predation","","229.0"
"Cariboo","Carolyn Shores","","","Itcha-Ilgachuz_Rainbow_CharlotteAlplands Telemetry 2018-2023","Caribou","Southern Mountain-north group","Itcha-Ilgachuz","","17-10784","39","M","","","","","101877.0","151.05","N","N","GPS","Lotek","Lifecycle Pro 360 with timed dropoff","","43170.0","2018.0","3.0","10.0","365703.0","5799942.0","","Unknown","Deployed","Malfunction","","","43356.0","","","","","43354.292465278","","","","","","","","","","","","","","","","","","","","","","","","","","","","","","","","","","","","","","","","","","","","","","","","","8.0","5.0","5.0","14.0","12.0","12.0","4.0","","","","","","","","","","","","","","","","","","",".  *Moved to N.Tweedsmuir in May 2018","Malfunction","242.0"
"Cariboo","Carolyn Shores","","","Itcha-Ilgachuz_Rainbow_CharlotteAlplands Telemetry 2018-2023","Caribou","Southern Mountain-north group","Itcha-Ilgachuz","","17-10766","16","F","","","","","101811.0","150.5","N","N","GPS","Lotek","Lifecycle Pro 330","Globalstar","43169.0","2018.0","3.0","10.0","366868.0","5791730.0","","Alive","Deployed","Active","","","","","","","","43880.250729167","","","","","","","","","","","","","","","","","","","","","","","","","","","","","","","","","","","","","","","","","","","","","","","","","6.0","16.0","6.0","12.0","6.0","13.0","3.0","24.0","8.0","13.0","4.0","5.0","12.0","8.0","15.0","18.0","16.0","7.0","16.0","14.0","14.0","12.0","9.0","4.0","Email alert Jul 17, mortality file Aug 1, 2019",".  ","","246.0"
"Cariboo","Carolyn Shores","","","Itcha-Ilgachuz_Rainbow_CharlotteAlplands Telemetry 2018-2023","Caribou","Southern Mountain-north group","Itcha-Ilgachuz","","17-10752","17","F","","","","","101812.0","150.52","N","N","GPS","Lotek","Lifecycle Pro 330","Globalstar","43168.0","2018.0","3.0","10.0","416492.0","5776208.0","","Unknown","Deployed","Malfunction","","","43245.0","","","","","43244.333726852","","","","","","","","","","","","","","","","","","","","","","","","","","","","","","","","","","","","","","","","","","","","","","","","","3.0","7.0","10.0","","","","","","","","","","","","","","","","","","","","","","",".  ","Malfunction","248.0"
"Cariboo","Carolyn Shores","","","Itcha-Ilgachuz_Rainbow_CharlotteAlplands Telemetry 2018-2023","Caribou","Southern Mountain-north group","Itcha-Ilgachuz","","17-10787","18","F","","","","","101813.0","150.53","N","N","GPS","Lotek","Lifecycle Pro 330","Globalstar","43172.0","2018.0","3.0","10.0","402590.0","5769237.0","","Unknown","Deployed","Malfunction","","","43554.0","","","","","43549.83375","","","","","","","","","","","","","","","","","","","","","","","","","","","","","","","","","","","","","","","","","","","","","","","","","3.0","2.0","9.0","9.0","14.0","12.0","6.0","5.0","8.0","5.0","6.0","9.0","8.0","","","","","","","","","","","","",".  ","Malfunction","252.0"
"Cariboo","Carolyn Shores","","","Itcha-Ilgachuz_Rainbow_CharlotteAlplands Telemetry 2018-2023","Caribou","Southern Mountain-north group","Itcha-Ilgachuz","","17-10790","19","F","","","","","101814.0","150.54","N","N","GPS","Lotek","Lifecycle Pro 360 with timed dropoff","","43171.0","2018.0","3.0","10.0","380434.0","5779447.0","","Unknown","Unknown","Malfunction","","","43187.0","","","","","43184.209189815","","","","","","","","","","","","","","","","","","","","","","","","","","","","","","","","","","","","","","","","","","","","","","","","","4.0","","","","","","","","","","","","","","","","","","","","","","","","",".  ","Malfunction","254.0"
"Cariboo","Carolyn Shores","","","Itcha-Ilgachuz_Rainbow_CharlotteAlplands Telemetry 2018-2023","Caribou","Southern Mountain-north group","Itcha-Ilgachuz","","17-10769","20","F","","","","","101815.0","150.56","N","N","GPS","Lotek","Lifecycle Pro 330","Globalstar","43168.0","2018.0","3.0","10.0","404034.0","5768682.0","","Alive","Deployed","Active","","","","","","","","43687.417268519","","","","","","","","","","","","","","","","","","","","","","","","","","","","","","","","","","","","","","","","","","","","","","","","","4.0","5.0","7.0","9.0","6.0","5.0","4.0","1.0","4.0","6.0","4.0","4.0","4.0","8.0","5.0","5.0","1.0","5.0","","","","","","","",".  ","","258.0"
"Cariboo","Carolyn Shores","","","Itcha-Ilgachuz_Rainbow_CharlotteAlplands Telemetry 2018-2023","Caribou","Southern Mountain-north group","Itcha-Ilgachuz","","17-10762","21","F","","","","","101816.0","150.58","N","N","GPS","Lotek","Lifecycle Pro 330","Globalstar","43168.0","2018.0","3.0","10.0","419873.0","5783578.0","","Unknown","Deployed","Malfunction","","","43331.0","","","","","43330.459166667","","","","","","","","","","","","","","","","","","","","","","","","","","","","","","","","","","","","","","","","","","","","","","","","","10.0","13.0","17.0","19.0","17.0","12.0","","","","","","","","","","","","","","","","","","","",".  ","Malfunction","262.0"
"Cariboo","Carolyn Shores","","","Itcha-Ilgachuz_Rainbow_CharlotteAlplands Telemetry 2018-2023","Caribou","Southern Mountain-north group","Itcha-Ilgachuz","","17-10778","22","F","","","","","101817.0","150.62","N","N","GPS","Lotek","Lifecycle Pro 330","Globalstar","43170.0","2018.0","3.0","10.0","418588.0","5778613.0","","Alive","Deployed","Active","","","","","","","","43862.916886574","","","","","","","","","","","","","","","","","","","","","","","","","","","","","","","","","","","","","","","","","","","","","","","","","1.0","11.0","8.0","5.0","4.0","3.0","4.0","4.0","7.0","9.0","3.0","4.0","4.0","2.0","8.0","9.0","5.0","6.0","9.0","8.0","5.0","3.0","5.0","1.0","",".  ","","271.0"
"Cariboo","Carolyn Shores","","","Itcha-Ilgachuz_Rainbow_CharlotteAlplands Telemetry 2018-2023","Caribou","Southern Mountain-north group","Itcha-Ilgachuz","","17-10758","23","F","","","","","101818.0","150.64","N","N","GPS","Lotek","Lifecycle Pro 360 with timed dropoff","","43169.0","2018.0","3.0","10.0","421574.0","5783835.0","","Alive","Deployed","Active","","","","","","","","43880.250590278","","","","","","","","","","","","","","","","","","","","","","","","","","","","","","","","","","","","","","","","","","","","","","","","","8.0","9.0","14.0","17.0","15.0","9.0","6.0","16.0","5.0","8.0","7.0","4.0","3.0","14.0","8.0","11.0","12.0","11.0","8.0","12.0","15.0","7.0","5.0","4.0","",".  ","","273.0"
"Cariboo","Carolyn Shores","","","Itcha-Ilgachuz_Rainbow_CharlotteAlplands Telemetry 2018-2023","Caribou","Southern Mountain-north group","Itcha-Ilgachuz","","17-10760","1","F","","","","","101794.0","150.04","N","N","GPS","Lotek","Lifecycle Pro 360 with timed dropoff","","43168.0","2018.0","3.0","10.0","403387.0","5772537.0","","Alive","Deployed","Active","","","","","","","","43718.833738426","","","","","","","","","","","","","","","","","","","","","","","","","","","","","","","","","","","","","","","","","","","","","","","","","3.0","4.0","9.0","6.0","7.0","14.0","5.0","8.0","10.0","1.0","4.0","7.0","3.0","5.0","6.0","4.0","5.0","3.0","2.0","","","","","","",".  ","","292.0"
"Cariboo","Carolyn Shores","","","Itcha-Ilgachuz_Rainbow_CharlotteAlplands Telemetry 2018-2023","Caribou","Southern Mountain-north group","Itcha-Ilgachuz","","17-10789","2","F","","","","","101796.0","150.07","N","N","GPS","Lotek","Lifecycle Pro 330","Globalstar","43170.0","2018.0","3.0","10.0","394504.0","5770553.0","","Unknown","Deployed","Malfunction","","","43601.0","","","","","43600.750671296","","","","","","","","","","","","","","","","","","","","","","","","","","","","","","","","","","","","","","","","","","","","","","","","","5.0","7.0","14.0","13.0","14.0","15.0","4.0","6.0","4.0","5.0","6.0","6.0","8.0","4.0","8.0","","","","","","","","","","",".  ","Malfunction","302.0"
"Cariboo","Carolyn Shores","","","Itcha-Ilgachuz_Rainbow_CharlotteAlplands Telemetry 2018-2023","Caribou","Southern Mountain-north group","Itcha-Ilgachuz","","17-10750","3","F","","","","","101797.0","150.09","N","N","GPS","Lotek","Lifecycle Pro 330","Globalstar","43172.0","2018.0","3.0","10.0","372174.0","5774333.0","","Unknown","Deployed","Malfunction","","","43356.0","","","","","43355.375393519","","","","","","","","","","","","","","","","","","","","","","","","","","","","","","","","","","","","","","","","","","","","","","","","","2.0","10.0","8.0","5.0","10.0","4.0","4.0","","","","","","","","","","","","","","","","","","",".  ","Malfunction","304.0"
"Cariboo","Carolyn Shores","","","Itcha-Ilgachuz_Rainbow_CharlotteAlplands Telemetry 2018-2023","Caribou","Southern Mountain-north group","Itcha-Ilgachuz","","17-10782","5","F","","","","","101799.0","150.12","N","N","GPS","Lotek","Lifecycle Pro 330","Globalstar","43171.0","2018.0","3.0","10.0","369044.0","5789216.0","","Alive","Deployed","Active","","","","","","","","43659.792060185","","","","","","","","","","","","","","","","","","","","","","","","","","","","","","","","","","","","","","","","","","","","","","","","","5.0","9.0","8.0","20.0","14.0","8.0","7.0","22.0","9.0","6.0","9.0","12.0","3.0","","4.0","2.0","3.0","","","","","","","","",".  ","","311.0"
"Cariboo","Carolyn Shores","","","Itcha-Ilgachuz_Rainbow_CharlotteAlplands Telemetry 2018-2023","Caribou","Southern Mountain-north group","Itcha-Ilgachuz","","17-10759","11","F","","","","","101806.0","150.34","N","N","GPS","Lotek","Lifecycle Pro 360 with timed dropoff","","43168.0","2018.0","3.0","10.0","413055.0","5782692.0","","Unknown","Deployed","Malfunction","","","43255.0","","","","","43253.542326389","","","","","","","","","","","","","","","","","","","","","","","","","","","","","","","","","","","","","","","","","","","","","","","","","8.0","6.0","15.0","3.0","","","","","","","","","","","","","","","","","","","","","",".  ","Malfunction","323.0"
"Cariboo","Carolyn Shores","","","Itcha-Ilgachuz_Rainbow_CharlotteAlplands Telemetry 2018-2023","Caribou","Southern Mountain-north group","Itcha-Ilgachuz","","17-10745","49","M","","","","","101887.0","151.42","N","N","GPS","Lotek","Lifecycle Pro 360 with timed dropoff","","43168.0","2018.0","3.0","10.0","419995.0","5783713.0","","Unknown","Deployed","Malfunction","","","43410.0","","","","","43407.375821759","","","","","","","","","","","","","","","","","","","","","","","","","","","","","","","","","","","","","","","","","","","","","","","","","5.0","4.0","21.0","19.0","15.0","14.0","7.0","16.0","4.0","","","","","","","","","","","","","","","","",".  ","Malfunction","329.0"
"Cariboo","Carolyn Shores","","","Itcha-Ilgachuz_Rainbow_CharlotteAlplands Telemetry 2018-2023","Caribou","Southern Mountain-north group","Itcha-Ilgachuz","","17-10768","40","M","","","","","101878.0","151.06","N","N","GPS","Lotek","Lifecycle Pro 360 with timed dropoff","","43169.0","2018.0","3.0","10.0","393264.0","5774081.0","","Unknown","Deployed","Malfunction","","","43336.0","","","","","43329.375393519","","","","","","","","","","","","","","","","","","","","","","","","","","","","","","","","","","","","","","","","","","","","","","","","","1.0","1.0","7.0","6.0","3.0","3.0","","","","","","","","","","","","","","","","","","","",".  ","Malfunction","335.0"
"Cariboo","Carolyn Shores","","","Itcha-Ilgachuz_Rainbow_CharlotteAlplands Telemetry 2018-2023","Caribou","Southern Mountain-north group","Itcha-Ilgachuz","","17-10774","4","F","","","","","101798.0","151.1","N","N","GPS","Lotek","Lifecycle Pro 330","Globalstar","43171.0","2018.0","3.0","10.0","372204.0","5775267.0","","Mortality","Retrieved","Mortality","","43649.0","","43650.0","","","","43639.208738426","","","","","","","","","","","","","","","","","","","","","","","","","","","","","","","","","","","","","","","","","","","","","","","","","1.0","1.0","11.0","15.0","7.0","6.0","4.0","20.0","6.0","4.0","4.0","7.0","2.0","2.0","7.0","4.0","","","","","","","","","Email alert Jul 3, mortality file Aug 1, 2019",".  ","","343.0"
"Cariboo","Carolyn Shores","","","Itcha-Ilgachuz_Rainbow_CharlotteAlplands Telemetry 2018-2023","Caribou","Southern Mountain-north group","Itcha-Ilgachuz","","17-10783","41","M","","","","","101879.0","151.129","N","N","GPS","Lotek","Lifecycle Pro 360 with timed dropoff","","43169.0","2018.0","3.0","10.0","420949.0","5785198.0","","Alive","Retrieved","","","","43392.0","43393.0","10.0","380145.0","5831847.0","43389.500416667","","","","","","","","","","","","","","","","","","","","","","","","","","","","","","","","","","","","","","","","","","","","","","","","","9.0","6.0","16.0","17.0","12.0","4.0","4.0","6.0","","","","","","","","","","","","","","","","","Email alert 19-Oct-18, and mortality file Oct 25, 2018",".  Not a mortality, collar dropped off of caribou","","345.0"
"Cariboo","Carolyn Shores","","","","Caribou","","","","","","","","","","","30492.0","151.144","N","N","","ATS","G2110E","","","","","","","","","","Not Deployed","","","","","","","","","","","","","","","","","","","","","","","","","","","","","","","","","","","","","","","","","","","","","","","","","","","","","","","","","","","","","","","","","","","","","","","","","","","","","","","","","","","Need Region to provide Nicola access to the ATS account.  Apparently in Williams Lake office. Doesn't appear to be on an active animal at this time.","","355.0"
"Cariboo","Carolyn Shores","","","Itcha-Ilgachuz_Rainbow_CharlotteAlplands Telemetry 2018-2023","Caribou","Southern Mountain-north group","Itcha-Ilgachuz","","17-10756","42","M","","","","","101880.0","151.152","N","N","GPS","Lotek","Lifecycle Pro 360 with timed dropoff","","43169.0","2018.0","3.0","10.0","419799.0","5784060.0","","Unknown","Deployed","Malfunction","","","43567.0","","","","","43540.084131944","","","","","","","","","","","","","","","","","","","","","","","","","","","","","","","","","","","","","","","","","","","","","","","","","5.0","5.0","10.0","4.0","3.0","9.0","13.0","","8.0","7.0","4.0","2.0","7.0","","","","","","","","","","","","",".  ","Malfunction","357.0"
"Cariboo","Carolyn Shores","","","Itcha-Ilgachuz_Rainbow_CharlotteAlplands Telemetry 2018-2023","Caribou","Southern Mountain-north group","Itcha-Ilgachuz","","17-10757","43","M","","","","","101881.0","151.17","N","N","GPS","Lotek","Lifecycle Pro 360 with timed dropoff","","43167.0","2018.0","3.0","10.0","384968.0","5775668.0","","Mortality","Retrieved","Mortality","","43318.0","","43319.0","10.0","378442.0","5836488.0","43298.500798611","","","","","","","","","","","","","","","","","","","","","","","","","","","","","","","","","","","","","","","","","","","","","","","","","","7.0","10.0","8.0","6.0","","","","","","","","","","","","","","","","","","","","",".  Probable wolf Predation","","359.0"
"Cariboo","Carolyn Shores","","","Itcha-Ilgachuz_Rainbow_CharlotteAlplands Telemetry 2018-2023","Caribou","Southern Mountain-north group","Itcha-Ilgachuz","","17-10771","44","M","","","","","101882.0","151.181","N","N","GPS","Lotek","Lifecycle Pro 360 with timed dropoff","","43168.0","2018.0","3.0","10.0","403476.0","5772429.0","","Unknown","Deployed","Malfunction","","","43377.0","","","","","43374.333715278","","","","","","","","","","","","","","","","","","","","","","","","","","","","","","","","","","","","","","","","","","","","","","","","","1.0","3.0","5.0","8.0","5.0","2.0","7.0","1.0","","","","","","","","","","","","","","","","","",".  ","Malfunction","362.0"
"Cariboo","Carolyn Shores","","","Itcha-Ilgachuz_Rainbow_CharlotteAlplands Telemetry 2018-2023","Caribou","Southern Mountain-north group","Itcha-Ilgachuz","","17-10777","33","M","","","","","101871.0","150.86","N","N","GPS","Lotek","Lifecycle Pro 360 with timed dropoff","","43170.0","2018.0","3.0","10.0","365890.0","5800182.0","","Alive","Retrieved","","","","43418.0","43420.0","10.0","397278.0","5846465.0","43416.042152778","","","","","","","","","","","","","","","","","","","","","","","","","","","","","","","","","","","","","","","","","","","","","","","","","3.0","7.0","6.0","8.0","7.0","5.0","7.0","6.0","3.0","","","","","","","","","","","","","","","","Email alert Nov 14, 2018",".  *Moved to Rainbows in May 2018; not a mortality (animal alive), collar retrieved","","378.0"
"Cariboo","Carolyn Shores","","","Itcha-Ilgachuz_Rainbow_CharlotteAlplands Telemetry 2018-2023","Caribou","Southern Mountain-north group","Itcha-Ilgachuz","","17-10765","34","M","","","","","101872.0","150.88","N","N","GPS","Lotek","Lifecycle Pro 360 with timed dropoff","","43171.0","2018.0","3.0","10.0","411508.0","5776825.0","","Unknown","Deployed","Malfunction","","","43316.0","","","","","43315.292511574","","","","","","","","","","","","","","","","","","","","","","","","","","","","","","","","","","","","","","","","","","","","","","","","","6.0","8.0","16.0","12.0","2.0","1.0","","","","","","","","","","","","","","","","","","","",".  ","Malfunction","383.0"
"Cariboo","Carolyn Shores","","","Itcha-Ilgachuz_Rainbow_CharlotteAlplands Telemetry 2018-2023","Caribou","Southern Mountain-north group","Itcha-Ilgachuz","","17-10747","35","M","","","","","101873.0","150.9","N","N","GPS","Lotek","Lifecycle Pro 360 with timed dropoff","","43169.0","2018.0","3.0","10.0","366958.0","5790411.0","","Unknown","Unknown","Malfunction","","","43213.0","","","","","43210.209085648","","","","","","","","","","","","","","","","","","","","","","","","","","","","","","","","","","","","","","","","","","","","","","","","","3.0","11.0","","","","","","","","","","","","","","","","","","","","","","","",".  ","Malfunction","389.0"
"Cariboo","Carolyn Shores","","","Itcha-Ilgachuz_Rainbow_CharlotteAlplands Telemetry 2018-2023","Caribou","Southern Mountain-north group","Itcha-Ilgachuz","","17-10767","36","M","","","","","101874.0","150.94","N","N","GPS","Lotek","Lifecycle Pro 360 with timed dropoff","","43169.0","2018.0","3.0","10.0","420412.0","5783792.0","","Alive","Retrieved","","","","43393.0","43393.0","10.0","","","43392.750833333","","","","","","","","","","","","","","","","","","","","","","","","","","","","","","","","","","","","","","","","","","","","","","","","","4.0","9.0","24.0","8.0","11.0","11.0","10.0","6.0","","","","","","","","","","","","","","","","","Email alert 20-Oct-18, and mortality file Oct 25, 2018",".  Not a mortality, collar dropped off of caribou","","395.0"
"Cariboo","Carolyn Shores","","","Itcha-Ilgachuz_Rainbow_CharlotteAlplands Telemetry 2018-2023","Caribou","Southern Mountain-north group","Itcha-Ilgachuz","","17-10754","37","M","","","","","101875.0","150.96","N","N","GPS","Lotek","Lifecycle Pro 360 with timed dropoff","","43171.0","2018.0","3.0","10.0","368705.0","5789325.0","","Unknown","Deployed","Malfunction","","","43498.0","","","","","43497.835555556","","","","","","","","","","","","","","","","","","","","","","","","","","","","","","","","","","","","","","","","","","","","","","","","","2.0","11.0","11.0","12.0","","","1.0","5.0","1.0","","","1.0","","","","","","","","","","","","","",".  ","Malfunction","398.0"
"Cariboo","Carolyn Shores","","","Itcha-Ilgachuz_Rainbow_CharlotteAlplands Telemetry 2018-2023","Caribou","Southern Mountain-north group","Itcha-Ilgachuz","","17-10773","38","M","","","","","101876.0","150.98","N","N","GPS","Lotek","Lifecycle Pro 360 with timed dropoff","","43168.0","2018.0","3.0","10.0","413422.0","5782185.0","","Unknown","Deployed","Malfunction","","","43391.0","","","","","43390.0425","","","","","","","","","","","","","","","","","","","","","","","","","","","","","","","","","","","","","","","","","","","","","","","","","3.0","6.0","10.0","11.0","7.0","","","2.0","","","","","","","","","","","","","","","","","",".  ","Malfunction","401.0"
"Cariboo","Carolyn Shores","","","","Caribou","","","","","","","","","","","30496.0","151.274","N","N","","ATS","G2110E","","","","","","","","","","Not Deployed","","","","","","","","","","","","","","","","","","","","","","","","","","","","","","","","","","","","","","","","","","","","","","","","","","","","","","","","","","","","","","","","","","","","","","","","","","","","","","","","","","","Need Region to provide Nicola access to the ATS account.  Apparently in Williams Lake office. Doesn't appear to be on an active animal at this time.","","408.0"
"Cariboo","Carolyn Shores","","","Itcha-Ilgachuz_Rainbow_CharlotteAlplands Telemetry 2018-2023","Caribou","Southern Mountain-north group","Itcha-Ilgachuz","","17-10779","45","M","","","","","101883.0","151.3","N","N","GPS","Lotek","Lifecycle Pro 360 with timed dropoff","","43169.0","2018.0","3.0","10.0","391913.0","5774106.0","","Unknown","Deployed","Malfunction","","","43375.0","","","","","43373.792280093","","","","","","","","","","","","","","","","","","","","","","","","","","","","","","","","","","","","","","","","","","","","","","","","","6.0","11.0","6.0","17.0","8.0","3.0","7.0","","","","","","","","","","","","","","","","","","",".  *Moved to Rainbows in May 2018","Malfunction","412.0"
"Cariboo","Carolyn Shores","","","","Caribou","","","","","","","","","","","30509.0","151.903","N","N","","ATS","G2110E","","","","","","","","","","Not Deployed","","","","","","","","","","","","","","","","","","","","","","","","","","","","","","","","","","","","","","","","","","","","","","","","","","","","","","","","","","","","","","","","","","","","","","","","","","","","","","","","","","","Need Region to provide Nicola access to the ATS account.  Apparently in Williams Lake office. Doesn't appear to be on an active animal at this time.","","421.0"
"Cariboo","Carolyn Shores","","","","Caribou","","","","","","","","","","","30487.0","148.325","N","N","","ATS","G2110E","","","","","","","","","","Not Deployed","","","","","","","","","","","","","","","","","","","","","","","","","","","","","","","","","","","","","","","","","","","","","","","","","","","","","","","","","","","","","","","","","","","","","","","","","","","","","","","","","","","Need Region to provide Nicola access to the ATS account.  Apparently in Williams Lake office. Doesn't appear to be on an active animal at this time.","","537.0"
"Cariboo","Carolyn Shores","","","","Caribou","","","","","","","","","","","30481.0","148.062","N","N","","ATS","G2110E","","","","","","","","","","Not Deployed","","","","","","","","","","","","","","","","","","","","","","","","","","","","","","","","","","","","","","","","","","","","","","","","","","","","","","","","","","","","","","","","","","","","","","","","","","","","","","","","","","","Need Region to provide Nicola access to the ATS account.  Apparently in Williams Lake office. Doesn't appear to be on an active animal at this time.","","579.0"
"Cariboo","Carolyn Shores","","","Itcha-Ilgachuz_Rainbow_CharlotteAlplands Telemetry 2018-2023","Caribou","Southern Mountain-north group","Itcha-Ilgachuz","","18-13133","57","F","A","N","BLUSH","YELLOW","34705.0","150.31","N","N","GPS","Vectronics","Vertex Lite","","43501.0","2019.0","2.0","10.0","381693.0","5794034.0","","Alive","Deployed","Active","","","","","","","","43879.50067129629","","","","","","","","","","","","","","","","","","","","","","","","","","","","","","","","","","","","","","","","","","","","","","","","","","","","","","","","","","","","46.0","62.0","60.0","186.0","179.0","122.0","62.0","59.0","62.0","60.0","62.0","62.0","36.0","Mortality file May 9, 2019 - TESTING?",".  ","","1205.0"
"Cariboo","Carolyn Shores","","","Itcha-Ilgachuz_Rainbow_CharlotteAlplands Telemetry 2018-2023","Caribou","Southern Mountain-north group","Itcha-Ilgachuz","","18-13127","51","M","A","N/A","ORANGE  ","WHITE","34706.0","150.36","N","N","GPS","Vectronics","Vertex Lite","","43510.0","2019.0","2.0","10.0","377483.0","5793769.0","","Alive","Deployed","Active","","","","","","","","43879.50063657408","","","","","","","","","","","","","","","","","","","","","","","","","","","","","","","","","","","","","","","","","","","","","","","","","","","","","","","","","","","","28.0","62.0","60.0","186.0","180.0","122.0","62.0","60.0","62.0","60.0","61.0","62.0","36.0","Mortality file May 9, 2019 - TESTING?",".  ","","1206.0"
"Cariboo","Carolyn Shores","","","Itcha-Ilgachuz_Rainbow_CharlotteAlplands Telemetry 2018-2023","Caribou","Southern Mountain-north group","Itcha-Ilgachuz","","18-13138","58","F","A","N","RED","BLACK ","34707.0","150.38","N","N","GPS","Vectronics","Vertex Lite","","43500.0","2019.0","2.0","10.0","383419.0","5790058.0","","Alive","Deployed","Active","","","","","","","","43877.50052083333","","","","","","","","","","","","","","","","","","","","","","","","","","","","","","","","","","","","","","","","","","","","","","","","","","","","","","","","","","","","48.0","62.0","60.0","186.0","180.0","122.0","62.0","60.0","62.0","60.0","61.0","62.0","32.0","Mortality file May 9, 2019 - TESTING?",".  ","","1207.0"
"Cariboo","Carolyn Shores","","","Itcha-Ilgachuz_Rainbow_CharlotteAlplands Telemetry 2018-2023","Caribou","Southern Mountain-north group","Itcha-Ilgachuz","","18-13134","52","M","SA","N/A","YELLOW","WHITE","34708.0","150.39","N","N","GPS","Vectronics","Vertex Lite","","43500.0","2019.0","2.0","10.0","365047.0","5784698.0","","Alive","Deployed","Active","","","","","","","","43878.500439814816","","","","","","","","","","","","","","","","","","","","","","","","","","","","","","","","","","","","","","","","","","","","","","","","","","","","","","","","","","","","48.0","62.0","60.0","184.0","180.0","122.0","62.0","60.0","61.0","59.0","61.0","62.0","34.0","Mortality file May 9, 2019 - TESTING?",".  ","","1208.0"
"Cariboo","Carolyn Shores","","","Itcha-Ilgachuz_Rainbow_CharlotteAlplands Telemetry 2018-2023","Caribou","Southern Mountain-north group","Itcha-Ilgachuz","","18-13130","53","M","A","N/A","YELLOW","RED  ","34709.0","150.44","N","N","GPS","Vectronics","Vertex Lite","","43506.0","2019.0","2.0","10.0","368658.0","5785287.0","","Alive","Deployed","Active","","","","","","","","43879.50048611111","","","","","","","","","","","","","","","","","","","","","","","","","","","","","","","","","","","","","","","","","","","","","","","","","","","","","","","","","","","","37.0","62.0","60.0","186.0","180.0","122.0","62.0","60.0","62.0","60.0","61.0","62.0","36.0","Mortality file May 9, 2019 - TESTING?",".  ","","1209.0"
"Cariboo","Carolyn Shores","","","Itcha-Ilgachuz_Rainbow_CharlotteAlplands Telemetry 2018-2023","Caribou","Southern Mountain-north group","Itcha-Ilgachuz","","18-13129","59","F","A","N","BLUE","ORANGE","34710.0","150.3","N","N","GPS","Vectronics","Vertex Lite","","43501.0","2019.0","2.0","10.0","381693.0","5794034.0","","Alive","Deployed","Active","","","","","","","","43879.00078703704","","","","","","","","","","","","","","","","","","","","","","","","","","","","","","","","","","","","","","","","","","","","","","","","","","","","","","","","","","","","46.0","62.0","60.0","185.0","179.0","122.0","61.0","60.0","62.0","59.0","62.0","62.0","35.0","Mortality file May 9, 2019 - TESTING?",".  ","","1210.0"
"Cariboo","Carolyn Shores","","","Itcha-Ilgachuz_Rainbow_CharlotteAlplands Telemetry 2018-2023","Caribou","Southern Mountain-north group","Itcha-Ilgachuz","","18-13128","60","F","OA","N","RED","BLUE","34711.0","150.21","N","N","GPS","Vectronics","Vertex Lite","","43502.0","2019.0","2.0","10.0","375462.0","5795989.0","","Alive","Deployed","Active","","","","","","","","43877.500439814816","","","","","","","","","","","","","","","","","","","","","","","","","","","","","","","","","","","","","","","","","","","","","","","","","","","","","","","","","","","","44.0","62.0","59.0","186.0","180.0","122.0","62.0","60.0","62.0","59.0","62.0","61.0","32.0","Mortality file May 9, 2019 - TESTING?",".  ","","1211.0"
"Cariboo","Carolyn Shores","","","Itcha-Ilgachuz_Rainbow_CharlotteAlplands Telemetry 2018-2023","Caribou","Southern Mountain-north group","Itcha-Ilgachuz","","18-13137","61","F","A","N","RED","ORANGE ","34712.0","151.0","N","N","GPS","Vectronics","Vertex Lite","","43500.0","2019.0","2.0","10.0","365047.0","5784698.0","","Alive","Deployed","Active","","","","","","","","43874.50046296296","","","","","","","","","","","","","","","","","","","","","","","","","","","","","","","","","","","","","","","","","","","","","","","","","","","","","","","","","","","","48.0","62.0","60.0","185.0","179.0","122.0","61.0","60.0","62.0","60.0","62.0","62.0","26.0","Mortality file May 9, 2019 - TESTING?",".  ","","1212.0"
"Cariboo","Carolyn Shores","","","Itcha-Ilgachuz_Rainbow_CharlotteAlplands Telemetry 2018-2023","Caribou","Southern Mountain-north group","Itcha-Ilgachuz","","18-13136","54","M","SA","N/A","BLUE","RED","34713.0","151.02","N","N","GPS","Vectronics","Vertex Lite","","43510.0","2019.0","2.0","10.0","367958.0","5786159.0","","Alive","Deployed","Potential Mortality","","","","","","","","43753.34809027778","","","","","","","","","","","","","","","","","","","","","","","","","","","","","","","","","","","","","","","","","","","","","","","","","","","","","","","","","","","","27.0","61.0","60.0","186.0","180.0","122.0","62.0","60.0","41.0","","","","","Mortality file May 9, 2019 - TESTING?",".  ","","1213.0"
"Cariboo","Carolyn Shores","","","Itcha-Ilgachuz_Rainbow_CharlotteAlplands Telemetry 2018-2023","Caribou","Southern Mountain-north group","Itcha-Ilgachuz","","18-13131","62","F","SA","Y","BLACK","WHITE","34714.0","151.03","N","N","GPS","Vectronics","Vertex Lite","","43501.0","2019.0","2.0","10.0","394237.0","5794983.0","","Alive","Deployed","Active","","","","","","","","43878.000625","","","","","","","","","","","","","","","","","","","","","","","","","","","","","","","","","","","","","","","","","","","","","","","","","","","","","","","","","","","","47.0","62.0","60.0","186.0","179.0","122.0","62.0","60.0","62.0","60.0","62.0","62.0","33.0","Mortality file May 9, 2019 - TESTING?",".  ","","1214.0"
"Cariboo","Carolyn Shores","","","Itcha-Ilgachuz_Rainbow_CharlotteAlplands Telemetry 2018-2023","Caribou","Southern Mountain-north group","Itcha-Ilgachuz","","18-13139","55","M","OA","N/A","ORANGE  ","ORANGE","34715.0","151.08","N","N","GPS","Vectronics","Vertex Lite","","43507.0","2019.0","2.0","10.0","421853.0","5781808.0","","Alive","Deployed","Active","","","","","","","","43877.00069444445","","","","","","","","","","","","","","","","","","","","","","","","","","","","","","","","","","","","","","","","","","","","","","","","","","","","","","","","","","","","29.0","62.0","60.0","185.0","179.0","122.0","62.0","60.0","61.0","60.0","62.0","61.0","31.0","Mortality file May 9, 2019 - TESTING?",".  ","","1215.0"
"Cariboo","Carolyn Shores","","","Itcha-Ilgachuz_Rainbow_CharlotteAlplands Telemetry 2018-2023","Caribou","Southern Mountain-north group","Itcha-Ilgachuz","","18-13126","56","M","A","N/A","BLUE","PURPLE","34716.0","151.11","N","N","GPS","Vectronics","Vertex Lite","","43511.0","2019.0","2.0","10.0","365146.0","5788168.0","","Alive","Deployed","Active","","","","","","","","43877.500451388885","","","","","","","","","","","","","","","","","","","","","","","","","","","","","","","","","","","","","","","","","","","","","","","","","","","","","","","","","","","","27.0","62.0","60.0","186.0","180.0","122.0","61.0","60.0","61.0","60.0","62.0","62.0","24.0","Mortality file May 9, 2019 - TESTING?",".  ","","1216.0"
"Cariboo","Carolyn Shores","","","Itcha-Ilgachuz_Rainbow_CharlotteAlplands Telemetry 2018-2023","Caribou","Southern Mountain-north group","Itcha-Ilgachuz","","18-13135","63","F","A","N","BLACK","BLACK ","34717.0","151.15","N","N","GPS","Vectronics","Vertex Lite","","43504.0","2019.0","2.0","10.0","368433.0","5785809.0","","Alive","Deployed","Active","","","","","","","","43878.000439814816","","","","","","","","","","","","","","","","","","","","","","","","","","","","","","","","","","","","","","","","","","","","","","","","","","","","","","","","","","","","41.0","62.0","60.0","186.0","180.0","122.0","61.0","60.0","62.0","59.0","62.0","62.0","33.0","Mortality file May 9, 2019 - TESTING?",".  ","","1217.0"
"Cariboo","Carolyn Shores","","","Itcha-Ilgachuz_Rainbow_CharlotteAlplands Telemetry 2018-2023","Caribou","Southern Mountain-north group","Itcha-Ilgachuz","","18-13132","64","F","A","N","YELLOW","YELLOW","34718.0","151.18","N","N","GPS","Vectronics","Vertex Lite","","43501.0","2019.0","2.0","10.0","394237.0","5794983.0","","Alive","Deployed","Active","","","","","","","","43877.000613425924","","","","","","","","","","","","","","","","","","","","","","","","","","","","","","","","","","","","","","","","","","","","","","","","","","","","","","","","","","","","47.0","62.0","60.0","186.0","180.0","122.0","61.0","59.0","62.0","59.0","62.0","62.0","31.0","Mortality file May 9, 2019 - TESTING?",".  ","","1218.0"
"Cariboo","Carolyn Shores","","","Itcha-Ilgachuz_Rainbow_CharlotteAlplands Telemetry 2018-2023","Caribou","Southern Mountain-north group","Itcha-Ilgachuz","","18-13903","65","F","A","N","WHITE","BLUE","34719.0","151.21","N","N","GPS","Vectronics","Vertex Lite","","43501.0","2019.0","2.0","10.0","383477.0","5794705.0","","Mortality","Retrieved","Mortality","","43628.0","","43628.0","","","","43627.8753125","","","","","","","","","","","","","","","","","","","","","","","","","","","","","","","","","","","","","","","","","","","","","","","","","","","","","","","","","","","","46.0","62.0","60.0","186.0","66.0","","","","","","","","","Mortality file Jun 12, 2019",".  ","","1219.0"
"Cariboo","Shane White","","","","Caribou","Southern Mountain-north group","Itcha-Ilgachuz","","","","","","","","","42150.0","150.6","","","GPS","Vectronics","VERTEX Lite 2D Iridium","Iridium","","","","","","","","Unknown","Deployed","","","","","","","","","43880.00079861111","","","","","","","","","","","","","","","","","","","","","","","","","","","","","","","","","","","","","","","","","","","","","","","","","","","","","","","","","","","","","","","","","","","","","","","","14.0","","","","1537.0"
"Cariboo","Shane White","","","","Caribou","Southern Mountain-north group","Itcha-Ilgachuz","","","","","","","","","42151.0","150.61","","","GPS","Vectronics","VERTEX Lite 2D Iridium","Iridium","","","","","","","","Unknown","Deployed","","","","","","","","","43878.500451388885","","","","","","","","","","","","","","","","","","","","","","","","","","","","","","","","","","","","","","","","","","","","","","","","","","","","","","","","","","","","","","","","","","","","","","","","8.0","","","","1538.0"
"Cariboo","Shane White","","","","Caribou","Southern Mountain-north group","Itcha-Ilgachuz","","","","","","","","","42152.0","150.689","","","GPS","Vectronics","VERTEX Lite 2D Iridium","Iridium","","","","","","","","Unknown","Deployed","","","","","","","","","43879.00047453704","","","","","","","","","","","","","","","","","","","","","","","","","","","","","","","","","","","","","","","","","","","","","","","","","","","","","","","","","","","","","","","","","","","","","","","","12.0","","","","1539.0"
"Cariboo","Shane White","","","","Caribou","Southern Mountain-north group","Itcha-Ilgachuz","","","","","","","","","42153.0","150.84","","","GPS","Vectronics","VERTEX Lite 2D Iridium","Iridium","","","","","","","","Unknown","Deployed","","","","","","","","","43879.000439814816","","","","","","","","","","","","","","","","","","","","","","","","","","","","","","","","","","","","","","","","","","","","","","","","","","","","","","","","","","","","","","","","","","","","","","","","12.0","","","","1540.0"
"Cariboo","Shane White","","","","Caribou","Southern Mountain-north group","Itcha-Ilgachuz","","","","","","","","","42154.0","150.92","","","GPS","Vectronics","VERTEX Lite 2D Iridium","Iridium","","","","","","","","Unknown","Deployed","","","","","","","","","43880.00067129629","","","","","","","","","","","","","","","","","","","","","","","","","","","","","","","","","","","","","","","","","","","","","","","","","","","","","","","","","","","","","","","","","","","","","","","","24.0","","","","1541.0"
"Cariboo","Shane White","","","","Caribou","Southern Mountain-north group","Itcha-Ilgachuz","","","","","","","","","42160.0","150.02","","","GPS","Vectronics","VERTEX Lite 2D Iridium","Iridium","","","","","","","","Unknown","Deployed","","","","","","","","","43878.500601851854","","","","","","","","","","","","","","","","","","","","","","","","","","","","","","","","","","","","","","","","","","","","","","","","","","","","","","","","","","","","","","","","","","","","","","","","4.0","","","","1547.0"
"Cariboo","Shane White","","","","Caribou","Southern Mountain-north group","Itcha-Ilgachuz","","","","","","","","","42161.0","150.03","","","GPS","Vectronics","VERTEX Lite 2D Iridium","Iridium","","","","","","","","Unknown","Deployed","","","","","","","","","43878.50046296296","","","","","","","","","","","","","","","","","","","","","","","","","","","","","","","","","","","","","","","","","","","","","","","","","","","","","","","","","","","","","","","","","","","","","","","","4.0","","","","1548.0"
"Cariboo","Shane White","","","","Caribou","Southern Mountain-north group","Itcha-Ilgachuz","","","","","","","","","42162.0","150.06","","","GPS","Vectronics","VERTEX Lite 2D Iridium","Iridium","","","","","","","","Unknown","Deployed","","","","","","","","","43877.50047453704","","","","","","","","","","","","","","","","","","","","","","","","","","","","","","","","","","","","","","","","","","","","","","","","","","","","","","","","","","","","","","","","","","","","","","","","4.0","","","","1549.0"
"Cariboo","Shane White","","","","Caribou","Southern Mountain-north group","Itcha-Ilgachuz","","","","","","","","","42163.0","150.08","","","GPS","Vectronics","VERTEX Lite 2D Iridium","Iridium","","","","","","","","Unknown","Deployed","","","","","","","","","43877.500451388885","","","","","","","","","","","","","","","","","","","","","","","","","","","","","","","","","","","","","","","","","","","","","","","","","","","","","","","","","","","","","","","","","","","","","","","","4.0","","","","1550.0"
"Cariboo","Shane White","","","","Caribou","Southern Mountain-north group","Itcha-Ilgachuz","","","","","","","","","42164.0","150.1","","","GPS","Vectronics","VERTEX Lite 2D Iridium","Iridium","","","","","","","","Unknown","Deployed","","","","","","","","","43879.00046296296","","","","","","","","","","","","","","","","","","","","","","","","","","","","","","","","","","","","","","","","","","","","","","","","","","","","","","","","","","","","","","","","","","","","","","","","7.0","","","","1551.0"
"Cariboo","Shane White","","","","Caribou","Southern Mountain-north group","Itcha-Ilgachuz","","","","","","","","","42165.0","150.13","","","GPS","Vectronics","VERTEX Lite 2D Iridium","Iridium","","","","","","","","Unknown","Deployed","","","","","","","","","43879.50069444445","","","","","","","","","","","","","","","","","","","","","","","","","","","","","","","","","","","","","","","","","","","","","","","","","","","","","","","","","","","","","","","","","","","","","","","","12.0","","","","1552.0"
"Cariboo","Shane White","","","","Caribou","Southern Mountain-north group","Itcha-Ilgachuz","","","","","","","","","42166.0","150.15","","","GPS","Vectronics","VERTEX Lite 2D Iridium","Iridium","","","","","","","","Unknown","Deployed","","","","","","","","","43880.000555555554","","","","","","","","","","","","","","","","","","","","","","","","","","","","","","","","","","","","","","","","","","","","","","","","","","","","","","","","","","","","","","","","","","","","","","","","24.0","","","","1553.0"
"Cariboo","Shane White","","","","Caribou","Southern Mountain-north group","Itcha-Ilgachuz","","","","","","","","","42167.0","150.16","","","GPS","Vectronics","VERTEX Lite 2D Iridium","Iridium","","","","","","","","Unknown","Deployed","","","","","","","","","43879.50046296296","","","","","","","","","","","","","","","","","","","","","","","","","","","","","","","","","","","","","","","","","","","","","","","","","","","","","","","","","","","","","","","","","","","","","","","","12.0","","","","1554.0"
"Cariboo","Shane White","","","","Caribou","Southern Mountain-north group","Itcha-Ilgachuz","","","","","","","","","42168.0","150.32","","","GPS","Vectronics","VERTEX Lite 2D Iridium","Iridium","","","","","","","","Unknown","Deployed","","","","","","","","","43880.000451388885","","","","","","","","","","","","","","","","","","","","","","","","","","","","","","","","","","","","","","","","","","","","","","","","","","","","","","","","","","","","","","","","","","","","","","","","24.0","","","","1555.0"
"Cariboo","Shane White","","","","Caribou","Southern Mountain-north group","Itcha-Ilgachuz","","","","","","","","","42169.0","150.43","","","GPS","Vectronics","VERTEX Lite 2D Iridium","Iridium","","","","","","","","Unknown","Deployed","","","","","","","","","43879.00047453704","","","","","","","","","","","","","","","","","","","","","","","","","","","","","","","","","","","","","","","","","","","","","","","","","","","","","","","","","","","","","","","","","","","","","","","","12.0","","","","1556.0"
"Cariboo","Shane White","","","West Chilcotin Wolf Telemetry 2019-2024","Wolf","","","Chantslar Lake","18-13187","7","M","","","","","34720.0","148.01","N","N","GPS","Vectronics","","","43504.0","2019.0","2.0","10.0","402892.0","5780012.0","","Mortality","Retrieved","Mortality","","43585.0","","43588.0","","","","43584.91711805556","","","","","","","","","","","","","","","","","","","","","","","","","","","","","","","","","","","","","","","","","","","","","","","","","","","","","","","","","","","","155.0","248.0","232.0","","","","","","","","","","","Mortality file May 9, 2019",".  ","","1220.0"
"Cariboo","Shane White","","","West Chilcotin Wolf Telemetry 2019-2024","Wolf","","","Kuyakuz Lake","18-13175","12","M","","","","","34721.0","148.16","N","N","GPS","Vectronics","","","43507.0","2019.0","2.0","10.0","390545.0","5890298.0","","Alive","Deployed","Potential Mortality","","","","","","","","43762.66688657407","","","","","","","","","","","","","","","","","","","","","","","","","","","","","","","","","","","","","","","","","","","","","","","","","","","","","","","","","","","","139.0","247.0","223.0","245.0","234.0","245.0","247.0","250.0","190.0","","","","","Mortality file May 9, 2019 - TESTING?",".  ","","1221.0"
"Cariboo","Shane White","","","West Chilcotin Wolf Telemetry 2019-2024","Wolf","","","Hotnarko","18-13181","17","F","","","","","34722.0","148.2","N","N","GPS","Vectronics","","","43509.0","2019.0","2.0","10.0","316420.0","5810227.0","","Unknown","Unknown","Deactivated","Y","","","","","","","43629.792129629626","","","","","","","","","","","","","","","","","","","","","","","","","","","","","","","","","","","","","","","","","","","","","","","","","","","","","","","","","","","","123.0","243.0","238.0","245.0","99.0","","","","","","","","","Mortality file May 9, 2019 - TESTING?",".  ","","1222.0"
"Cariboo","Shane White","","","West Chilcotin Wolf Telemetry 2019-2024","Wolf","","","Nazko","18-13180","8","F","","","","","34723.0","148.28","N","N","GPS","Vectronics","","","43505.0","2019.0","2.0","10.0","437922.0","5878956.0","","Alive","Deployed","Active","","","","","","","","43880.00034722222","","","","","","","","","","","","","","","","","","","","","","","","","","","","","","","","","","","","","","","","","","","","","","","","","","","","","","","","","","","","154.0","248.0","240.0","246.0","233.0","246.0","242.0","236.0","247.0","239.0","247.0","248.0","144.0","Mortality file May 9, 2019 - TESTING?",".  ","","1223.0"
"Cariboo","Shane White","","","West Chilcotin Wolf Telemetry 2019-2024","Wolf","","","Lone wolf","18-13178","6","M","","","","","34724.0","148.25","N","N","GPS","Vectronics","","","43504.0","2019.0","2.0","10.0","345404.0","5817909.0","","Mortality","Retrieved","Mortality","","43527.0","","43561.0","","","","43526.8753125","","","","","","","","","","","","","","","","","","","","","","","","","","","","","","","","","","","","","","","","","","","","","","","","","","","","","","","","","","","","162.0","16.0","","","","","","","","","","","","Mortality file May 9, 2019",".  ","","1224.0"
"Cariboo","Shane White","","","West Chilcotin Wolf Telemetry 2019-2024","Wolf","","","Seymour Meadows","18-13191","18","F","","","","","34725.0","148.34","N","N","GPS","Vectronics","","","43509.0","2019.0","2.0","10.0","400786.0","5791821.0","","Alive","Deployed","Active","","","","","","","","43878.12520833333","","","","","","","","","","","","","","","","","","","","","","","","","","","","","","","","","","","","","","","","","","","","","","","","","","","","","","","","","","","","123.0","248.0","238.0","246.0","226.0","243.0","245.0","237.0","247.0","239.0","247.0","240.0","4.0","Mortality file May 9, 2019 - TESTING?",".  ","","1225.0"
"Cariboo","Shane White","","","West Chilcotin Wolf Telemetry 2019-2024","Wolf","","","Temapho Lake","18-13186","20","M","","","","","34726.0","148.43","N","N","GPS","Vectronics","","","43509.0","2019.0","2.0","10.0","443669.0","5808281.0","","Unknown","Unknown","Malfunction","Y","","43565.0","","","","","43564.916967592595","","","","","","","","","","","","","","","","","","","","","","","","","","","","","","","","","","","","","","","","","","","","","","","","","","","","","","","","","","","","139.0","248.0","71.0","","","","","","","","","","","Mortality file May 9, 2019",".  ","Malfunction","1226.0"
"Cariboo","Shane White","","","West Chilcotin Wolf Telemetry 2019-2024","Wolf","","","Narcosli Lake","18-13184","15","M","","","","","34727.0","148.47","N","N","GPS","Vectronics","","","43508.0","2019.0","2.0","10.0","433729.0","5863959.0","","Unknown","Unknown","Deactivated","Y","","","","","","","43644.917025462964","","","","","","","","","","","","","","","","","","","","","","","","","","","","","","","","","","","","","","","","","","","","","","","","","","","","","","","","","","","","132.0","248.0","239.0","245.0","216.0","","","","","","","","","Mortality file May 9, 2019 - TESTING?",".  ","","1227.0"
"Cariboo","Shane White","","","West Chilcotin Wolf Telemetry 2019-2024","Wolf","","","Itcha","18-13179","3","F","","","","","34728.0","148.44","N","N","GPS","Vectronics","","","43502.0","2019.0","2.0","10.0","373992.0","5826969.0","","Alive","Deployed","Active","","","","","","","","43677.16711805556","","","","","","","","","","","","","","","","","","","","","","","","","","","","","","","","","","","","","","","","","","","","","","","","","","","","","","","","","","","","177.0","247.0","238.0","240.0","209.0","251.0","","","","","","","","Mortality file Jul 26, 2019",".  ","","1228.0"
"Cariboo","Shane White","","","West Chilcotin Wolf Telemetry 2019-2024","Wolf","","","Nazko","18-13174","14","M","","","","","34729.0","148.08","N","N","GPS","Vectronics","","","43507.0","2019.0","2.0","10.0","445828.0","5890213.0","","Unknown","Unknown","Malfunction","","","","","","","","43679.16699074074","","","","","","","","","","","","","","","","","","","","","","","","","","","","","","","","","","","","","","","","","","","","","","","","","","","","","","","","","","","","139.0","248.0","239.0","247.0","226.0","243.0","10.0","","","","","","","Mortality file May 9, 2019 - TESTING?",".  ","","1229.0"
"Cariboo","Shane White","","","West Chilcotin Wolf Telemetry 2019-2024","Wolf","","","Dean River","18-13182","5","F","","","","","34730.0","148.33","N","N","GPS","Vectronics","","","43503.0","2019.0","2.0","10.0","332587.0","5832494.0","","Mortality","Retrieved","Mortality","","43545.0","","43551.0","","","","43544.91685185185","","","","","","","","","","","","","","","","","","","","","","","","","","","","","","","","","","","","","","","","","","","","","","","","","","","","","","","","","","","","172.0","160.0","","","","","","","","","","","","Mortality file May 9, 2019",".  ","","1230.0"
"Cariboo","Shane White","","","West Chilcotin Wolf Telemetry 2019-2024","Wolf","","","Dean River","18-13176","4","F","","","","","34731.0","148.38","N","N","GPS","Vectronics","","","43503.0","2019.0","2.0","10.0","332587.0","5832358.0","","Alive","Deployed","Active","","","","","","","","43676.16695601852","","","","","","","","","","","","","","","","","","","","","","","","","","","","","","","","","","","","","","","","","","","","","","","","","","","","","","","","","","","","172.0","248.0","237.0","235.0","206.0","233.0","","","","","","","","Mortality file Jul 29, 2019",".  ","","1231.0"
"Cariboo","Shane White","","","West Chilcotin Wolf Telemetry 2019-2024","Wolf","","","Narcosli Lake","18-13188","16","F","","","","","34732.0","148.41","N","N","GPS","Vectronics","","","43508.0","2019.0","2.0","10.0","433489.0","5864146.0","","Alive","Deployed","Active","","","","","","","","43835.625439814816","","","","","","","","","","","","","","","","","","","","","","","","","","","","","","","","","","","","","","","","","","","","","","","","","","","","","","","","","","","","132.0","247.0","229.0","153.0","224.0","245.0","242.0","238.0","247.0","239.0","174.0","38.0","","Mortality file May 9, 2019 - TESTING?",".  ","","1232.0"
"Cariboo","Shane White","","","West Chilcotin Wolf Telemetry 2019-2024","Wolf","","","Tsacha Lake","18-13177","10","M","","","","","34733.0","148.49","N","N","GPS","Vectronics","","","43506.0","2019.0","2.0","10.0","381233.0","5867816.0","","Unknown","Unknown","Malfunction","","","","","","","","43676.41710648148","","","","","","","","","","","","","","","","","","","","","","","","","","","","","","","","","","","","","","","","","","","","","","","","","","","","","","","","","","","","146.0","247.0","239.0","247.0","223.0","228.0","","","","","","","","Mortality file May 9, 2019 - TESTING?",".  ","","1233.0"
"Cariboo","Shane White","","","West Chilcotin Wolf Telemetry 2019-2024","Wolf","","","Seymour Meadows","18-13189","1","F","","","","","34734.0","148.11","N","N","GPS","Vectronics","","","43502.0","2019.0","2.0","10.0","402956.0","5783366.0","","Mortality","retrieved","Deactivated","Y","","43635.0","","","","","43634.91709490741","","","","","","","","","","","","","","","","","","","","","","","","","","","","","","","","","","","","","","","","","","","","","","","","","","","","","","","","","","","","178.0","246.0","234.0","247.0","143.0","","","","","","","","","Mortality file May 9, 2019",".  ","Malfunction","1234.0"
"Cariboo","Shane White","","","West Chilcotin Wolf Telemetry 2019-2024","Wolf","","","Kuyakuz Lake","18-13185","13","F","","","","","34735.0","148.14","N","N","GPS","Vectronics","","","43507.0","2019.0","2.0","10.0","389715.0","5892571.0","","Alive","Deployed","Active","","","","","","","","43854.125439814816","","","","","","","","","","","","","","","","","","","","","","","","","","","","","","","","","","","","","","","","","","","","","","","","","","","","","","","","","","","","137.0","247.0","239.0","232.0","226.0","245.0","245.0","237.0","247.0","239.0","247.0","186.0","","Mortality file May 9, 2019 - TESTING?",".  ","","1235.0"
"Cariboo","Shane White","","","West Chilcotin Wolf Telemetry 2019-2024","Wolf","","","Itcha","18-13190","2","M","","","","","34736.0","148.23","N","N","GPS","Vectronics","","","43502.0","2019.0","2.0","10.0","373125.0","5827712.0","","Alive","Deployed","Active","","","","","","","","43879.12517361111","","","","","","","","","","","","","","","","","","","","","","","","","","","","","","","","","","","","","","","","","","","","","","","","","","","","","","","","","","","","177.0","248.0","237.0","243.0","239.0","244.0","246.0","236.0","248.0","236.0","246.0","248.0","147.0","Mortality file May 9, 2019 - TESTING?",".  ","","1236.0"
"Cariboo","Shane White","","","West Chilcotin Wolf Telemetry 2019-2024","Wolf","","","Temapho Lake","18-13173","19","F","","","","","34737.0","148.31","N","N","GPS","Vectronics","","","43509.0","2019.0","2.0","10.0","444764.0","5806986.0","","Alive","Deployed","Active","","","","","","","","43865.50064814815","","","","","","","","","","","","","","","","","","","","","","","","","","","","","","","","","","","","","","","","","","","","","","","","","","","","","","","","","","","","123.0","248.0","238.0","247.0","196.0","235.0","247.0","238.0","247.0","238.0","248.0","247.0","29.0","Mortality file May 9, 2019 - TESTING?",".  ","","1237.0"
"Cariboo","Shane White","","","West Chilcotin Wolf Telemetry 2019-2024","Wolf","","","Tsacha Lake","18-13172","11","F","","","","","34738.0","148.04","N","N","GPS","Vectronics","","","43506.0","2019.0","2.0","10.0","382314.0","5868732.0","","Unknown","Unknown","Malfunction","Y","","43530.0","","","","","43529.87550925926","","","","","","","","","","","","","","","","","","","","","","","","","","","","","","","","","","","","","","","","","","","","","","","","","","","","","","","","","","","","146.0","40.0","","","","","","","","","","","","Mortality file May 9, 2019",".  ","Malfunction","1238.0"
"Cariboo","Shane White","","","West Chilcotin Wolf Telemetry 2019-2024","Wolf","","","West Rd River ","18-13183","9","F","","","","","34739.0","148.52","N","N","GPS","Vectronics","","","43506.0","2019.0","2.0","10.0","366563.0","5864925.0","","Alive","Deployed","Active","","","","","","","","43710.166979166665","","","","","","","","","","","","","","","","","","","","","","","","","","","","","","","","","","","","","","","","","","","","","","","","","","","","","","","","","","","","146.0","248.0","236.0","244.0","236.0","255.0","245.0","10.0","","","","","","Mortality file Jul 13, 2019",".  ","","1239.0"
"Cariboo","Shane White","","","West Chilcotin Wolf Telemetry 2019-2024","Wolf","","","Chantslar Lake","18-14728","21","M","","","","","25334.0","151.39","N","N","GPS","Vectronics","","","43510.0","2019.0","2.0","10.0","404496.0","5777853.0","","Unknown","Deployed","Malfunction","","","43560.0","","","","","","","","","","","","","","","","","","","","","","","","","","","","","","","","","","","","","","","","","","","","","","","","","","","","","","","","","","","","","","","","","","","","","","","","","","","","","","",".  ","Don't have key. Malfunction.","1297.0"
"Cariboo","Shane White","","","","Wolf","","","","99-xxxx","","","","","","","42197.0","150.94","","","GPS","Vectronics","VERTEX Lite 2D Iridium","Iridium","","","","","","","","Unknown","Deployed","","","","","","","","","43880.00013888889","","","","","","","","","","","","","","","","","","","","","","","","","","","","","","","","","","","","","","","","","","","","","","","","","","","","","","","","","","","","","","","","","","","","","","","20.0","93.0","","","","1495.0"
"Cariboo","Shane White","","","","Wolf","","","","99-xxxx","","","","","","","42198.0","151.17","","","GPS","Vectronics","VERTEX Lite 2D Iridium","Iridium","","","","","","","","Unknown","Deployed","","","","","","","","","43880.00042824074","","","","","","","","","","","","","","","","","","","","","","","","","","","","","","","","","","","","","","","","","","","","","","","","","","","","","","","","","","","","","","","","","","","","","","","25.0","124.0","","","","1496.0"
"Cariboo","Shane White","","","","Wolf","","","","99-xxxx","","","","","","","42199.0","151.78","","","GPS","Vectronics","VERTEX Lite 2D Iridium","Iridium","","","","","","","","Unknown","Deployed","","","","","","","","","43880.37520833333","","","","","","","","","","","","","","","","","","","","","","","","","","","","","","","","","","","","","","","","","","","","","","","","","","","","","","","","","","","","","","","","","","","","","","","25.0","103.0","","","","1497.0"
"Cariboo","Shane White","","","","Wolf","","","","99-xxxx","","","","","","","42180.0","150.7","","","GPS","Vectronics","VERTEX Lite 2D Iridium","Iridium","","","","","","","","Unknown","Deployed","","","","","","","","","43880.00046296296","","","","","","","","","","","","","","","","","","","","","","","","","","","","","","","","","","","","","","","","","","","","","","","","","","","","","","","","","","","","","","","","","","","","","","","","114.0","","","","1478.0"
"Cariboo","Shane White","","","","Wolf","","","","99-xxxx","","","","","","","42181.0","150.86","","","GPS","Vectronics","VERTEX Lite 2D Iridium","Iridium","","","","","","","","Unknown","Deployed","","","","","","","","","43880.37509259259","","","","","","","","","","","","","","","","","","","","","","","","","","","","","","","","","","","","","","","","","","","","","","","","","","","","","","","","","","","","","","","","","","","","","","","","112.0","","","","1479.0"
"Cariboo","Shane White","","","","Wolf","","","","99-xxxx","","","","","","","42182.0","151.35","","","GPS","Vectronics","VERTEX Lite 2D Iridium","Iridium","","","","","","","","Unknown","Deployed","","","","","","","","","43874.37516203704","","","","","","","","","","","","","","","","","","","","","","","","","","","","","","","","","","","","","","","","","","","","","","","","","","","","","","","","","","","","","","","","","","","","","","","20.0","82.0","","","","1480.0"
"Cariboo","Shane White","","","","Wolf","","","","99-xxxx","","","","","","","42183.0","151.34","","","GPS","Vectronics","VERTEX Lite 2D Iridium","Iridium","","","","","","","","Unknown","Deployed","","","","","","","","","43880.125439814816","","","","","","","","","","","","","","","","","","","","","","","","","","","","","","","","","","","","","","","","","","","","","","","","","","","","","","","","","","","","","","","","","","","","","","","128.0","123.0","","","","1481.0"
